다만 악에서 구하소서,189069
강철비2: 정상회담,188909
반도,185917
애니멀 크래커,134824
빅샤크3: 젤리몬스터 대소동,194799
온워드: 단 하루의 기적,187351
소년시절의 너,192066
블랙아웃 : 인베이젼 어스,182809
미녀와 야수,136872
알라딘,163788
고 피쉬!,194284
마티아스와 막심,185273
지저귀는 새는 날지 않는다,194693
밤쉘: 세상을 바꾼 폭탄선언,191143
블루 아워,183429
카오산 탱고,174261
세인트 주디,168051
소년 아메드,185269
위대한 쇼맨,106360
주식회사 스페셜액터스,195180
시네마 천국,10001
킹 오브 프리즘 올 스타즈 -프리즘 쇼☆베스트10-,191642
비바리움,187294
2017 동명이인 프로젝트,166416
부활,194368
루비,189622
존 윅,123300
패왕별희 디 오리지널,14448
카페 벨에포크,185285
큐리오사,185256
톰보이,85825
인비저블 라이프,185292
전망 좋은 방,10480
피아니스트의 전설,29059
찬실이는 복도 많지,189624
#살아있다,189537
베스트 오퍼,101248
야구소녀,189633
이태원,153934
라라랜드,134963
카메라를 멈추면 안 돼!,174301
팡파레,186235
이장,185150
너와 파도를 탈 수 있다면,186348
원 데이,79770
타오르는 여인의 초상,185282
트랜짓,173247
어게인,189747
1942: 언노운 배틀,194791
나의 노래는 멀리멀리,187979
작은 빛,180851
매치 포인트,40932
나는보리,179394
파리의 인어,194486
스타 이즈 본,168050
욕창,185151
"안녕, 미누",178520
슈퍼 레이스,186931
에베레스트,194295
유령선,193839
소공녀,159311
우리집 똥멍청이,194765
보희와 녹양,179397
"안녕, 나의 소울메이트",156912
시티 오브 갓,36651
광주비디오: 사라진 4시간,194688
인셉션,52515
바람의 언덕,189438
백년의 기억,188162
우리들,146504
프리즈너,194285
고양이 집사,190447
국도극장,178569
다가오는 것들,147945
몽상가들,37544
벌새,179307
비행,172181
성혜의 나라,174294
쉘부르의 우산,10323
아이 캔 온리 이매진,169647
트로이,37742
16세의 사운드트랙,194004
가버나움,174830
기억의 전쟁,179414
내일을 위한 시간,123298
대전 블루스,190620
로제타,27111
말 없는 사나이,30012
모든 것을 벗어던진 특별한 여행,194294
미스비헤이비어,192623
바다로 가자,181099
밤의 문이 열린다,176625
불량한 가족,194007
산티아고의 흰 지팡이,188030
소리꾼,189118
소셜노마드,194344
수색자,20324
스쿠프,56220
시라이,187297
쓰루 더 파이어,184759
"아무튼, 아담",194807
애프터 웨딩 인 뉴욕,182042
어메이징 그레이스,146068
용쟁호투,10182
울지마 톤즈 2 : 슈크란 바바,190223
울프 콜,189028
윤희에게,182387
이유없는 반항,10566
죽도 서핑 다이어리,185136
창은,190616
테우리,194661
프랑스여자,185380
프리저베이션 홀 재즈밴드,183658
하트,189123
호우시절,69952
환상의 마로나,186347
결백,180378
내친구아내,173998
더 차일드,41554
도둑들,78726
뮤지컬 쉬 러브즈 미,162816
미션,10086
미스 사이공: 25주년 특별 공연,155123
미져리,10489
박하사탕,27219
아들,35180
아멜리에,32588
에이리언,10037
에이리언 2,10038
여배우는 오늘도,138601
조디악,52555
캐리,11757
톡식 어벤져,178404
헤이트풀8,124238
